{
  "rf_confidence_interval": {
    "accuracy": 0.6153846153846154,
    "95_ci_lower": 0.4230769230769231,
    "95_ci_upper": 0.8076923076923077
  },
  "svm_confidence_interval": {
    "accuracy": 0.038461538461538464,
    "95_ci_lower": 0.0,
    "95_ci_upper": 0.11538461538461539
  },
  "mcnemar_rf_vs_svm": {
    "n01": 15,
    "n10": 0,
    "statistic": 13.066666666666666,
    "p_value": 0.00030059760744050035,
    "significant": true
  },
  "rf_stability": {
    "mean_accuracy": 0.6825396825396826,
    "std_accuracy": 0.0,
    "min_accuracy": 0.6825396825396826,
    "max_accuracy": 0.6825396825396826,
    "95_ci_lower": 0.6825396825396826,
    "95_ci_upper": 0.6825396825396826,
    "per_class_mean": [
      0.0,
      0.0,
      1.0,
      1.0,
      0.75,
      1.0,
      0.75,
      0.75,
      0.0,
      0.0,
      0.25,
      0.75,
      0.75,
      0.75,
      1.0,
      0.5,
      0.75,
      0.75,
      0.0,
      0.0,
      1.0,
      0.5,
      0.5,
      0.25,
      0.5,
      1.0,
      1.0,
      1.0,
      0.25,
      0.75,
      0.5,
      1.0,
      0.5,
      1.0,
      0.5,
      1.0,
      0.0,
      0.0
    ],
    "per_class_std": [
      0.0,
      0.0,
      0.0,
      0.0,
      0.0,
      0.0,
      0.0,
      0.0,
      0.0,
      0.0,
      0.0,
      0.0,
      0.0,
      0.0,
      0.0,
      0.0,
      0.0,
      0.0,
      0.0,
      0.0,
      0.0,
      0.0,
      0.0,
      0.0,
      0.0,
      0.0,
      0.0,
      0.0,
      0.0,
      0.0,
      0.0,
      0.0,
      0.0,
      0.0,
      0.0,
      0.0,
      0.0,
      0.0
    ]
  },
  "gender_invariance": {
    "gender_classification_accuracy": 0.5233846153846154,
    "gender_classification_std": 0.030928816918471522,
    "mean_within_phoneme_gender_distance": 0.4143860340118408,
    "std_within_phoneme_gender_distance": 0.25026193261146545,
    "cross_gender_accuracy_m2f": 0.328125,
    "cross_gender_accuracy_f2m": 0.3225806451612903,
    "cross_gender_accuracy_mean": 0.32535282258064513,
    "gender_clustering_silhouette": 0.003714424790814519,
    "gender_effect_t2_statistic": 9998.252837123182,
    "gender_effect_p_value": NaN,
    "gender_effect_significant": false
  },
  "feature_clustering": {
    "labial": {
      "mean_within_distance": 1.2743475494341263,
      "mean_between_distance": 1.2800992727279663,
      "distance_ratio": 1.0045134651029404,
      "centroid_distance": 0.11502514779567719,
      "linear_separability": 0.6746031746031745
    },
    "dental": {
      "mean_within_distance": 1.2805372011119283,
      "mean_between_distance": 1.2727386951446533,
      "distance_ratio": 0.9939099730488936,
      "centroid_distance": 0.07745011150836945,
      "linear_separability": 0.634920634920635
    },
    "velar": {
      "mean_within_distance": 1.2795351889108044,
      "mean_between_distance": 1.2726176977157593,
      "distance_ratio": 0.9945937467336142,
      "centroid_distance": 0.15001805126667023,
      "linear_separability": 0.746031746031746
    },
    "stop": {
      "mean_within_distance": 1.2642481002781707,
      "mean_between_distance": 1.2931952476501465,
      "distance_ratio": 1.022896729892904,
      "centroid_distance": 0.1879730075597763,
      "linear_separability": 0.6904761904761906
    },
    "fricative": {
      "mean_within_distance": 1.2766175863407714,
      "mean_between_distance": 1.2773383855819702,
      "distance_ratio": 1.0005646163337045,
      "centroid_distance": 0.10048546642065048,
      "linear_separability": 0.746031746031746
    },
    "voiced": {
      "mean_within_distance": 1.2786066044357638,
      "mean_between_distance": 1.2745710611343384,
      "distance_ratio": 0.9968437959047688,
      "centroid_distance": 0.19149066507816315,
      "linear_separability": 0.6984126984126983
    },
    "unvoiced": {
      "mean_within_distance": 1.2679854842359384,
      "mean_between_distance": 1.287047028541565,
      "distance_ratio": 1.015032935661412,
      "centroid_distance": 0.17948591709136963,
      "linear_separability": 0.6349206349206349
    },
    "vowel_a": {
      "mean_within_distance": 1.1953805977615706,
      "mean_between_distance": 1.4182658195495605,
      "distance_ratio": 1.1864554453089766,
      "centroid_distance": 0.9994398951530457,
      "linear_separability": 0.9841269841269842
    },
    "vowel_e": {
      "mean_within_distance": 1.0970249016814946,
      "mean_between_distance": 1.6132278442382812,
      "distance_ratio": 1.4705480628730558,
      "centroid_distance": 1.2761560678482056,
      "linear_separability": 0.9365079365079364
    },
    "vowel_i": {
      "mean_within_distance": 1.1620730869067424,
      "mean_between_distance": 1.451141595840454,
      "distance_ratio": 1.2487524339611822,
      "centroid_distance": 0.9781113862991333,
      "linear_separability": 0.9365079365079364
    },
    "vowel_u": {
      "mean_within_distance": 1.1647178611179696,
      "mean_between_distance": 1.4471279382705688,
      "distance_ratio": 1.2424708046953767,
      "centroid_distance": 1.0429694652557373,
      "linear_separability": 0.9920634920634921
    },
    "cv": {
      "mean_within_distance": 1.2597290135568502,
      "mean_between_distance": 1.402913212776184,
      "distance_ratio": 1.1136626985383835,
      "centroid_distance": 0.6367316246032715,
      "linear_separability": 0.9444444444444445
    },
    "vcv": {
      "mean_within_distance": 1.2597290135568502,
      "mean_between_distance": 1.402913212776184,
      "distance_ratio": 1.1136626985383835,
      "centroid_distance": 0.6367316246032715,
      "linear_separability": 0.9444444444444445
    }
  },
  "feature_distances": {
    "labial": {
      "mean_within": 1.2743475494341263,
      "mean_across": 1.2800993217382886,
      "distance_ratio": 1.0045135035620893
    },
    "dental": {
      "mean_within": 1.2805372011119283,
      "mean_across": 1.272738673806851,
      "distance_ratio": 0.9939099563857289
    },
    "velar": {
      "mean_within": 1.2795351889108042,
      "mean_across": 1.2726177240175753,
      "distance_ratio": 0.9945937672893728
    },
    "stop": {
      "mean_within": 1.2642481002781707,
      "mean_across": 1.2931952190523441,
      "distance_ratio": 1.0228967072725001
    },
    "fricative": {
      "mean_within": 1.2766175863407714,
      "mean_across": 1.277338459292958,
      "distance_ratio": 1.0005646740729903
    },
    "voiced": {
      "mean_within": 1.2786066044357638,
      "mean_across": 1.2745709789399835,
      "distance_ratio": 0.9968437316204498
    },
    "unvoiced": {
      "mean_within": 1.2679854842359384,
      "mean_across": 1.2870469488869536,
      "distance_ratio": 1.0150328728415987
    },
    "vowel_a": {
      "mean_within": 1.1953805977615706,
      "mean_across": 1.4182659001578841,
      "distance_ratio": 1.1864555127421639
    },
    "vowel_e": {
      "mean_within": 1.0970249016814946,
      "mean_across": 1.613227808945336,
      "distance_ratio": 1.470548030701548
    },
    "vowel_i": {
      "mean_within": 1.1620730869067422,
      "mean_across": 1.4511416031737359,
      "distance_ratio": 1.2487524402716992
    },
    "vowel_u": {
      "mean_within": 1.1647178611179694,
      "mean_across": 1.4471279384740248,
      "distance_ratio": 1.2424708048700597
    },
    "cv": {
      "mean_within": 1.2597290135568502,
      "mean_across": 1.402913225965278,
      "distance_ratio": 1.11366270900817
    },
    "vcv": {
      "mean_within": 1.2597290135568502,
      "mean_across": 1.402913225965278,
      "distance_ratio": 1.11366270900817
    }
  },
  "natural_clusters": {
    "n_clusters": 8,
    "feature_alignment_scores": {
      "labial": {
        "ari": 0.02805716389954855,
        "nmi": 0.07637237391122129
      },
      "dental": {
        "ari": -0.006497532273056348,
        "nmi": 0.011083726865811026
      },
      "velar": {
        "ari": 0.011293785286210858,
        "nmi": 0.07394007164934352
      },